sec to solve	episode	score
0.5895230770111084	1	0.9806910569105691
0.5641660690307617	2	1.0466830466830468
0.5458178520202637	3	0.17830882352941177
0.5328254699707031	4	1.0242494226327945
0.5173273086547852	5	1.670846394984326
0.5831453800201416	6	1.3346828609986505
0.4696922302246094	7	12.4375
0.5353331565856934	8	8.485294117647058
0.5637826919555664	9	0.6903153153153153
0.5503041744232178	10	1.603125

MiniSAT iters:	3774
GQSAT iters:	5185
MiniSAT iters/GQSAT iters:	0.73
total_eval_time	5.4548609256744385
Results for	../data/graph-coloring/test/flat200-479
median_relative_score:	1.1906829538408488
mean_relative_score:	2.9451696038701174
min_score:	0.17830882352941177
max_score:	12.4375
