sec to solve	episode	score
0.9115490913391113	1	0.9112370160528801
0.8492021560668945	2	1.009478672985782
0.857743501663208	3	0.30124223602484473
0.8201625347137451	4	1.6068840579710144
0.8031907081604004	5	1.195067264573991
0.8762538433074951	6	1.2316313823163139
0.8205902576446533	7	8.528571428571428
0.841618537902832	8	21.37037037037037
0.847745418548584	9	0.681868743047831
0.8565738201141357	10	1.812720848056537

MiniSAT iters:	3774
GQSAT iters:	4883
MiniSAT iters/GQSAT iters:	0.77
total_eval_time	10.664366722106934
Results for	../data/graph-coloring/test/flat200-479
median_relative_score:	1.2133493234451525
mean_relative_score:	3.8649072019970996
min_score:	0.30124223602484473
max_score:	21.37037037037037
