sec to solve	episode	score
5.409339904785156	1	0.8861340679522498
5.322936773300171	2	0.4936268829663963
5.3296544551849365	3	0.11384976525821597
5.237594127655029	4	0.6585003711952487
5.241138458251953	5	0.678117048346056
5.268301725387573	6	1.303030303030303
0.46981024742126465	7	12.4375
2.418198823928833	8	2.0533807829181496
5.194185733795166	9	0.4230503795721187
5.121508598327637	10	0.7725903614457831

MiniSAT iters:	3774
GQSAT iters:	8138
MiniSAT iters/GQSAT iters:	0.46
total_eval_time	45.01587653160095
Results for	../data/graph-coloring/test/flat200-479
median_relative_score:	0.7253537048959195
mean_relative_score:	1.9819779962684525
min_score:	0.11384976525821597
max_score:	12.4375
