sec to solve	episode	score
3.2236998081207275	1	0.8772727272727273
3.2722389698028564	2	0.6645865834633385
3.1382341384887695	3	0.1490015360983103
3.2505319118499756	4	0.7485232067510549
3.112783670425415	5	1.0113851992409868
3.117894411087036	6	1.2090464547677262
0.4781010150909424	7	12.4375
2.489036798477173	8	2.0533807829181496
3.149247884750366	9	0.519051651143099
3.1319172382354736	10	1.0384615384615385

MiniSAT iters:	3774
GQSAT iters:	6926
MiniSAT iters/GQSAT iters:	0.54
total_eval_time	28.367249011993408
Results for	../data/graph-coloring/test/flat200-479
median_relative_score:	0.944328963256857
mean_relative_score:	2.0708209680116934
min_score:	0.1490015360983103
max_score:	12.4375
