sec to solve	episode	score
0.4949362277984619	1	1.8762376237623761
0.4700798988342285	2	1.0
0.4653894901275635	3	1.912621359223301
0.48512792587280273	4	2.477707006369427
0.3059258460998535	5	3.6825396825396823
0.4660792350769043	6	1.1842105263157894
0.48383545875549316	7	1.4608695652173913
0.448122501373291	8	3.3220338983050848
0.47071051597595215	9	0.6119733924611973
0.48035335540771484	10	0.6422764227642277
0.4876079559326172	11	0.45933014354066987

MiniSAT iters:	2354
GQSAT iters:	1942
MiniSAT iters/GQSAT iters:	1.21
total_eval_time	5.061196804046631
Results for	../data/graph-coloring/test/flat150-360
median_relative_score:	1.4608695652173913
mean_relative_score:	1.6936181473181042
min_score:	0.45933014354066987
max_score:	3.6825396825396823
