sec to solve	episode	score
4.252416372299194	1	0.5940438871473355
3.9635748863220215	2	0.286527514231499
3.9630956649780273	3	0.35688405797101447
4.1801958084106445	4	1.1324599708879184
1.221526861190796	5	1.0497737556561086
4.108291864395142	6	0.31746031746031744
4.128086566925049	7	0.3116883116883117
2.741319417953491	8	0.5730994152046783
4.049127817153931	9	0.31542857142857145
4.267905950546265	10	0.13859649122807016
4.090239763259888	11	0.16216216216216217

MiniSAT iters:	2354
GQSAT iters:	6110
MiniSAT iters/GQSAT iters:	0.39
total_eval_time	40.96850633621216
Results for	../data/graph-coloring/test/flat150-360
median_relative_score:	0.31746031746031744
mean_relative_score:	0.4761931322787262
min_score:	0.13859649122807016
max_score:	1.1324599708879184
