sec to solve	episode	score
0.8983101844787598	1	1.4576923076923076
0.9002177715301514	2	1.126865671641791
0.8618414402008057	3	1.2236024844720497
0.9034976959228516	4	3.062992125984252
0.5994927883148193	5	2.0714285714285716
0.898690938949585	6	0.8333333333333334
0.9068911075592041	7	1.135135135135135
0.8549652099609375	8	1.75
0.8599956035614014	9	0.6013071895424836
0.9293043613433838	10	0.45664739884393063
0.9333140850067139	11	0.5217391304347826

MiniSAT iters:	2354
GQSAT iters:	2213
MiniSAT iters/GQSAT iters:	1.06
total_eval_time	9.549319505691528
Results for	../data/graph-coloring/test/flat150-360
median_relative_score:	1.135135135135135
mean_relative_score:	1.2946130316826034
min_score:	0.45664739884393063
max_score:	3.062992125984252
