sec to solve	episode	score
2.513704776763916	1	0.8168103448275862
2.514927387237549	2	0.4674922600619195
2.355379819869995	3	0.5710144927536231
2.455312728881836	4	1.8929440389294403
1.2154741287231445	5	1.0497737556561086
2.5822207927703857	6	0.4326923076923077
2.4947781562805176	7	0.4628099173553719
2.434971570968628	8	0.6426229508196721
2.4268882274627686	9	0.46464646464646464
2.6096408367156982	10	0.21467391304347827
2.5604496002197266	11	0.2467866323907455

MiniSAT iters:	2354
GQSAT iters:	4199
MiniSAT iters/GQSAT iters:	0.56
total_eval_time	26.166350603103638
Results for	../data/graph-coloring/test/flat150-360
median_relative_score:	0.4674922600619195
mean_relative_score:	0.6602060980160652
min_score:	0.21467391304347827
max_score:	1.8929440389294403
