sec to solve	episode	score
0.06949782371520996	1	8.5
0.4637289047241211	2	3.95
0.22651052474975586	3	1.6551724137931034
0.378934383392334	4	0.6041666666666666
0.09845423698425293	5	4.153846153846154
0.6614353656768799	6	0.5647058823529412
0.31789350509643555	7	2.85
0.1993849277496338	8	3.6
0.19829368591308594	9	1.0
0.08414483070373535	10	2.8333333333333335

MiniSAT iters:	668
GQSAT iters:	346
MiniSAT iters/GQSAT iters:	1.93
total_eval_time	2.701601266860962
Results for	../data/graph-coloring/test/flat100-239
median_relative_score:	2.841666666666667
mean_relative_score:	2.97112244499922
min_score:	0.5647058823529412
max_score:	8.5
