sec to solve	episode	score
0.6246588230133057	1	8.5
0.544764518737793	2	5.266666666666667
0.5503556728363037	3	2.1818181818181817
0.5263214111328125	4	0.9666666666666667
0.5349583625793457	5	3.6
0.5294787883758545	6	0.75
0.5670037269592285	7	2.6511627906976742
0.5551459789276123	8	2.6470588235294117
0.5488269329071045	9	0.9629629629629629
0.48992037773132324	10	2.8333333333333335

MiniSAT iters:	668
GQSAT iters:	300
MiniSAT iters/GQSAT iters:	2.23
total_eval_time	6.34818434715271
Results for	../data/graph-coloring/test/flat100-239
median_relative_score:	2.649110807113543
mean_relative_score:	3.0359669425674896
min_score:	0.75
max_score:	8.5
