sec to solve	episode	score
0.07171511650085449	1	8.5
0.4614436626434326	2	3.95
0.23064255714416504	3	1.6551724137931034
0.3951685428619385	4	0.6041666666666666
0.10514140129089355	5	4.153846153846154
0.690718412399292	6	0.5647058823529412
0.31937217712402344	7	2.85
0.1962604522705078	8	3.6
0.20285868644714355	9	1.0
0.08964037895202637	10	2.8333333333333335

MiniSAT iters:	668
GQSAT iters:	346
MiniSAT iters/GQSAT iters:	1.93
total_eval_time	2.7658262252807617
Results for	../data/graph-coloring/test/flat100-239
median_relative_score:	2.841666666666667
mean_relative_score:	2.97112244499922
min_score:	0.5647058823529412
max_score:	8.5
