sec to solve	episode	score
0.06757640838623047	1	8.5
0.4501683712005615	2	3.95
0.2254197597503662	3	1.6551724137931034
0.3751564025878906	4	0.6041666666666666
0.09643912315368652	5	4.153846153846154
0.6484782695770264	6	0.5647058823529412
0.3139004707336426	7	2.85
0.1870558261871338	8	3.6
0.19288063049316406	9	1.0
0.08568716049194336	10	2.8333333333333335

MiniSAT iters:	668
GQSAT iters:	346
MiniSAT iters/GQSAT iters:	1.93
total_eval_time	2.646094799041748
Results for	../data/graph-coloring/test/flat100-239
median_relative_score:	2.841666666666667
mean_relative_score:	2.97112244499922
min_score:	0.5647058823529412
max_score:	8.5
