sec to solve	episode	score
6.417792558670044	1	3.53782780870095
3.776063919067383	2	0.1264642601004064
6.0369484424591064	3	1.692959079082236
3.792079448699951	4	1.51399416909621
3.8302934169769287	5	1.6843335931410757
3.9481937885284424	6	6.4674054108016374
3.9900035858154297	7	5.576565250188584
3.664611577987671	8	19.69901547116737
12.35047459602356	9	1.2529690311582535
6.778980493545532	10	0.6523983527637608

MiniSAT iters:	1273415
GQSAT iters:	470573
MiniSAT iters/GQSAT iters:	2.71
total_eval_time	54.58968472480774
Results for	../data/uniform-random-3-sat/test/uf250-1065
median_relative_score:	1.6886463361116557
mean_relative_score:	4.220393242620048
min_score:	0.1264642601004064
max_score:	19.69901547116737
