sec to solve	episode	score
5.060046195983887	1	2.5789712739972144
1.444502592086792	2	0.07159290837731763
4.195368528366089	3	1.3178057642264447
1.5752639770507812	4	0.9638979118329466
1.2948086261749268	5	2.034839924670433
1.6161675453186035	6	4.788882318154938
1.594564437866211	7	5.655729343760625
1.250288724899292	8	23.4606365159129
5.333144664764404	9	2.470606909430439
4.808743715286255	10	0.5832270375094629

MiniSAT iters:	1273415
GQSAT iters:	431310
MiniSAT iters/GQSAT iters:	2.95
total_eval_time	28.17771601676941
Results for	../data/uniform-random-3-sat/test/uf250-1065
median_relative_score:	2.252723417050436
mean_relative_score:	4.3926189907872715
min_score:	0.07159290837731763
max_score:	23.4606365159129
