sec to solve	episode	score
4.34784722328186	1	2.741954177174438
0.760218620300293	2	0.120831429876656
3.1711883544921875	3	1.5143381056491996
1.0020787715911865	4	1.095338536173803
0.6456716060638428	5	2.3878453038674032
1.1971054077148438	6	3.7601718033548086
1.0295827388763428	7	5.137760617760618
0.7038614749908447	8	4.052662037037037
7.618695497512817	9	1.5338268284341288
3.312427520751953	10	0.7535641547861507

MiniSAT iters:	1273415
GQSAT iters:	461433
MiniSAT iters/GQSAT iters:	2.76
total_eval_time	25.413338661193848
Results for	../data/uniform-random-3-sat/test/uf250-1065
median_relative_score:	1.960836066150766
mean_relative_score:	2.3098292994114242
min_score:	0.120831429876656
max_score:	5.137760617760618
