sec to solve	episode	score
2.9169235229492188	1	4.05164676593248
0.824272871017456	2	0.07275477926007427
2.560391426086426	3	1.9252385051287568
0.9370460510253906	4	1.135951000765613
0.7008545398712158	5	2.1381926121372032
1.0477495193481445	6	4.651349798966112
0.9618744850158691	7	6.4048902579899885
0.6767442226409912	8	25.010714285714286
8.129409551620483	9	1.4520301379034073
3.5925915241241455	10	0.7154124052307536

MiniSAT iters:	1273415
GQSAT iters:	423990
MiniSAT iters/GQSAT iters:	3.00
total_eval_time	22.351744890213013
Results for	../data/uniform-random-3-sat/test/uf250-1065
median_relative_score:	2.03171555863298
mean_relative_score:	4.755818054902867
min_score:	0.07275477926007427
max_score:	25.010714285714286
